run_id,run_name,start_time,offline_accuracy,online_accuracy,decay_accuracy,offline_error_rate,offline_fpr,offline_fnr,adv_robust_rate,adv_error_rate,drift_robust_rate,drift_error_rate,ood_error_rate,ood_wrong_count,noise_robust_accuracy,noise_robust_error_rate,fairness_pass_rate,fairness_error_rate
9f476c498e2b43b7b7eacc53fedfe577,离线vs模拟线上_指标衰减验收,2026-06-10 11:08:39,0.5,1.0,0.5,0.5,1.0,0.0,nan,nan,nan,nan,nan,nan,nan,nan,nan,nan
a494dc6dc62b4f09b6b1cfb7e805f050,对抗注入_这款手机性价比很高,2026-06-10 11:08:41,nan,nan,nan,nan,nan,nan,1.0,0.0,nan,nan,nan,nan,nan,nan,nan,nan
b8e6a4bc4a624c049098c3d0cff5a641,对抗注入_做工粗糙不好用,2026-06-10 11:08:43,nan,nan,nan,nan,nan,nan,0.0,1.0,nan,nan,nan,nan,nan,nan,nan,nan
cb42566951a44155a1da19d8068e5795,对抗注入_画面清晰体验不错,2026-06-10 11:08:45,nan,nan,nan,nan,nan,nan,1.0,0.0,nan,nan,nan,nan,nan,nan,nan,nan
0f43f88b11ae4bdfba6828db76a70805,对抗注入_卡顿频繁不推荐,2026-06-10 11:08:47,nan,nan,nan,nan,nan,nan,0.0,1.0,nan,nan,nan,nan,nan,nan,nan,nan
2776d29e82ec4cc28732ef47b38575bb,数据漂移测试_这款手机性价比很高,2026-06-10 11:08:49,nan,nan,nan,nan,nan,nan,nan,nan,0.5714,0.4286,nan,nan,nan,nan,nan,nan
3dc01e71bb8e4c42836c4142da1b34f4,数据漂移测试_做工粗糙不好用,2026-06-10 11:08:51,nan,nan,nan,nan,nan,nan,nan,nan,0.4286,0.5714,nan,nan,nan,nan,nan,nan
795f9052b60b40d2b362aba9c850c870,数据漂移测试_画面清晰体验不错,2026-06-10 11:08:52,nan,nan,nan,nan,nan,nan,nan,nan,0.5714,0.4286,nan,nan,nan,nan,nan,nan
8f5b2b18b2874e178bef40b977066bc7,数据漂移测试_卡顿频繁不推荐,2026-06-10 11:08:53,nan,nan,nan,nan,nan,nan,nan,nan,0.4286,0.5714,nan,nan,nan,nan,nan,nan
f3236400633647cbb950420017aa4bce,公平性测试_这款手机性价比很高,2026-06-10 11:08:55,nan,nan,nan,nan,nan,nan,nan,nan,nan,nan,nan,nan,nan,nan,1.0,0.0
fb8dc8a1c8e240ad8b142d3f0502e715,公平性测试_做工粗糙不好用,2026-06-10 11:08:56,nan,nan,nan,nan,nan,nan,nan,nan,nan,nan,nan,nan,nan,nan,0.0,1.0
c8375b05e8d0477f8d229e65e0f23a89,公平性测试_画面清晰体验不错,2026-06-10 11:08:58,nan,nan,nan,nan,nan,nan,nan,nan,nan,nan,nan,nan,nan,nan,1.0,0.0
fe0c413d473a40f2a46409ec89d6970a,公平性测试_卡顿频繁不推荐,2026-06-10 11:08:59,nan,nan,nan,nan,nan,nan,nan,nan,nan,nan,nan,nan,nan,nan,0.0,1.0
64557e1d5663460aa7638aafdb93cdea,脏输入测试_这款手机性价比很高,2026-06-10 11:09:01,nan,nan,nan,nan,nan,nan,nan,nan,nan,nan,nan,nan,0.5714,0.4286,nan,nan
b20d383ffc7a4e19a11b31867a9d9254,脏输入测试_做工粗糙不好用,2026-06-10 11:09:02,nan,nan,nan,nan,nan,nan,nan,nan,nan,nan,nan,nan,0.4286,0.5714,nan,nan
6a8500349d85438bad4dbbd500ec7c5b,脏输入测试_画面清晰体验不错,2026-06-10 11:09:03,nan,nan,nan,nan,nan,nan,nan,nan,nan,nan,nan,nan,0.5714,0.4286,nan,nan
be1dd532bb964c10bde1b6e37d2b38f3,脏输入测试_卡顿频繁不推荐,2026-06-10 11:09:05,nan,nan,nan,nan,nan,nan,nan,nan,nan,nan,nan,nan,0.4286,0.5714,nan,nan
fb33b3c2d844458aaa212635238891d1,OOD测试_这款手机性价比很高,2026-06-10 11:09:06,nan,nan,nan,nan,nan,nan,nan,nan,nan,nan,1.0,7.0,nan,nan,nan,nan
3d5136b9f2b945dfb53d1045d90544cb,OOD测试_做工粗糙不好用,2026-06-10 11:09:07,nan,nan,nan,nan,nan,nan,nan,nan,nan,nan,1.0,7.0,nan,nan,nan,nan
50682e147e2e4458941a3552428c07d9,OOD测试_画面清晰体验不错,2026-06-10 11:09:09,nan,nan,nan,nan,nan,nan,nan,nan,nan,nan,1.0,7.0,nan,nan,nan,nan
1ffcbd2f340847b98270a52ad3811130,OOD测试_卡顿频繁不推荐,2026-06-10 11:09:10,nan,nan,nan,nan,nan,nan,nan,nan,nan,nan,1.0,7.0,nan,nan,nan,nan
5f58f8767d104f03931f9c3631c8c6e7,离线vs模拟线上_指标衰减验收,2026-06-10 11:29:39,0.5,1.0,0.5,0.5,1.0,0.0,nan,nan,nan,nan,nan,nan,nan,nan,nan,nan
753177642b3646d1a4cd18053e433590,对抗注入_这款手机性价比很高,2026-06-10 11:29:42,nan,nan,nan,nan,nan,nan,1.0,0.0,nan,nan,nan,nan,nan,nan,nan,nan
c70d4b8e65604d8bbaf435c984713ba2,对抗注入_做工粗糙不好用,2026-06-10 11:29:43,nan,nan,nan,nan,nan,nan,0.0,1.0,nan,nan,nan,nan,nan,nan,nan,nan
0d4e1b8dc7af4eecba14cc6705312c4c,对抗注入_画面清晰体验不错,2026-06-10 11:29:45,nan,nan,nan,nan,nan,nan,1.0,0.0,nan,nan,nan,nan,nan,nan,nan,nan
b0604d15343b4e179dd7fa509045d57a,对抗注入_卡顿频繁不推荐,2026-06-10 11:29:46,nan,nan,nan,nan,nan,nan,0.0,1.0,nan,nan,nan,nan,nan,nan,nan,nan
f75a3d4471c343b588a93e379aea0eb9,数据漂移测试_这款手机性价比很高,2026-06-10 11:29:48,nan,nan,nan,nan,nan,nan,nan,nan,0.5714,0.4286,nan,nan,nan,nan,nan,nan
aa85830f363e4f0c808d8b5a8b913d12,数据漂移测试_做工粗糙不好用,2026-06-10 11:29:49,nan,nan,nan,nan,nan,nan,nan,nan,0.4286,0.5714,nan,nan,nan,nan,nan,nan
635c7dcbd2854cfca124a417242f7615,数据漂移测试_画面清晰体验不错,2026-06-10 11:29:50,nan,nan,nan,nan,nan,nan,nan,nan,0.5714,0.4286,nan,nan,nan,nan,nan,nan
9d2f3673c3f54014b76934ab340d983f,数据漂移测试_卡顿频繁不推荐,2026-06-10 11:29:52,nan,nan,nan,nan,nan,nan,nan,nan,0.4286,0.5714,nan,nan,nan,nan,nan,nan
496150eedbc94d85b37a5816cd315b15,公平性测试_这款手机性价比很高,2026-06-10 11:29:53,nan,nan,nan,nan,nan,nan,nan,nan,nan,nan,nan,nan,nan,nan,1.0,0.0
e138736f64cd4672960e3dd03802e015,公平性测试_做工粗糙不好用,2026-06-10 11:29:54,nan,nan,nan,nan,nan,nan,nan,nan,nan,nan,nan,nan,nan,nan,0.0,1.0
941b497a9f7343c79bd3509197fcecb0,公平性测试_画面清晰体验不错,2026-06-10 11:29:55,nan,nan,nan,nan,nan,nan,nan,nan,nan,nan,nan,nan,nan,nan,1.0,0.0
8fc5863e54be45269802c1c547378792,公平性测试_卡顿频繁不推荐,2026-06-10 11:29:57,nan,nan,nan,nan,nan,nan,nan,nan,nan,nan,nan,nan,nan,nan,0.0,1.0
ab98f2544e5f4a0d9184d4b0fdbcb962,脏输入测试_这款手机性价比很高,2026-06-10 11:29:58,nan,nan,nan,nan,nan,nan,nan,nan,nan,nan,nan,nan,0.5714,0.4286,nan,nan
a03bfcb3f9134cbf973f92bf3d87b4bd,脏输入测试_做工粗糙不好用,2026-06-10 11:29:59,nan,nan,nan,nan,nan,nan,nan,nan,nan,nan,nan,nan,0.4286,0.5714,nan,nan
3a243a91eeac49d3b3de9a84933f09f9,脏输入测试_画面清晰体验不错,2026-06-10 11:30:00,nan,nan,nan,nan,nan,nan,nan,nan,nan,nan,nan,nan,0.5714,0.4286,nan,nan
ec71a5dc08ae4630955eb9d6154f3352,脏输入测试_卡顿频繁不推荐,2026-06-10 11:30:02,nan,nan,nan,nan,nan,nan,nan,nan,nan,nan,nan,nan,0.4286,0.5714,nan,nan
bfee6e70cb1a46059741a6f98545ad96,OOD测试_这款手机性价比很高,2026-06-10 11:30:03,nan,nan,nan,nan,nan,nan,nan,nan,nan,nan,1.0,7.0,nan,nan,nan,nan
471885683f2b45acbb8eab522cc7a600,OOD测试_做工粗糙不好用,2026-06-10 11:30:04,nan,nan,nan,nan,nan,nan,nan,nan,nan,nan,1.0,7.0,nan,nan,nan,nan
58756e498ee14ed09a8c0ae3d4e7aa9c,OOD测试_画面清晰体验不错,2026-06-10 11:30:05,nan,nan,nan,nan,nan,nan,nan,nan,nan,nan,1.0,7.0,nan,nan,nan,nan
68f002e46aa84a6280f21f01214fd1b6,OOD测试_卡顿频繁不推荐,2026-06-10 11:30:06,nan,nan,nan,nan,nan,nan,nan,nan,nan,nan,1.0,7.0,nan,nan,nan,nan
41cf212f83d745c9a28cf5aa11f1c469,对抗注入_这款手机性价比很高,2026-06-10 13:58:00,nan,nan,nan,nan,nan,nan,1.0,0.0,nan,nan,nan,nan,nan,nan,nan,nan
ba8e1b225f6a4da6a05b6f0ead9135cd,对抗注入_做工粗糙不好用,2026-06-10 13:58:02,nan,nan,nan,nan,nan,nan,0.0,1.0,nan,nan,nan,nan,nan,nan,nan,nan
c145433548d54a5ea6c945aaa2d8475b,对抗注入_画面清晰体验不错,2026-06-10 13:58:05,nan,nan,nan,nan,nan,nan,1.0,0.0,nan,nan,nan,nan,nan,nan,nan,nan
ca4ac151966b4b67b933e5b38ee5d26c,对抗注入_卡顿频繁不推荐,2026-06-10 13:58:09,nan,nan,nan,nan,nan,nan,0.0,1.0,nan,nan,nan,nan,nan,nan,nan,nan
dd97a0fd212d439bb13df27c818a670b,数据漂移测试_这款手机性价比很高,2026-06-10 13:58:11,nan,nan,nan,nan,nan,nan,nan,nan,0.5714,0.4286,nan,nan,nan,nan,nan,nan
57eb604b389b4256b32f7840ba3c7d59,数据漂移测试_做工粗糙不好用,2026-06-10 13:58:12,nan,nan,nan,nan,nan,nan,nan,nan,0.4286,0.5714,nan,nan,nan,nan,nan,nan
c7b5afaae2894faaa9030165ee5fc70b,数据漂移测试_画面清晰体验不错,2026-06-10 13:58:14,nan,nan,nan,nan,nan,nan,nan,nan,0.5714,0.4286,nan,nan,nan,nan,nan,nan
d0f675ce6df74e53935fd210ea44ece7,数据漂移测试_卡顿频繁不推荐,2026-06-10 13:58:15,nan,nan,nan,nan,nan,nan,nan,nan,0.4286,0.5714,nan,nan,nan,nan,nan,nan
6a4625620992409bb13dac6e1b59e572,公平性测试_这款手机性价比很高,2026-06-10 13:58:16,nan,nan,nan,nan,nan,nan,nan,nan,nan,nan,nan,nan,nan,nan,1.0,0.0
20f2e5eed4c6439982ffa5a8a6e42d0c,公平性测试_做工粗糙不好用,2026-06-10 13:58:18,nan,nan,nan,nan,nan,nan,nan,nan,nan,nan,nan,nan,nan,nan,0.0,1.0
32d2c55030fb4041a280a429e05c0991,公平性测试_画面清晰体验不错,2026-06-10 13:58:19,nan,nan,nan,nan,nan,nan,nan,nan,nan,nan,nan,nan,nan,nan,1.0,0.0
dfd62896a24048788a40a61e65d89a0a,公平性测试_卡顿频繁不推荐,2026-06-10 13:58:21,nan,nan,nan,nan,nan,nan,nan,nan,nan,nan,nan,nan,nan,nan,0.0,1.0
62fbeed174514502a4a08f36d0a5b6b1,脏输入测试_这款手机性价比很高,2026-06-10 13:58:22,nan,nan,nan,nan,nan,nan,nan,nan,nan,nan,nan,nan,0.5714,0.4286,nan,nan
37b1f3e9258d4facac01245fd8070d31,脏输入测试_做工粗糙不好用,2026-06-10 13:58:24,nan,nan,nan,nan,nan,nan,nan,nan,nan,nan,nan,nan,0.4286,0.5714,nan,nan
aa63c212334c4a4c8fffe4417b0ce6dd,脏输入测试_画面清晰体验不错,2026-06-10 13:58:25,nan,nan,nan,nan,nan,nan,nan,nan,nan,nan,nan,nan,0.5714,0.4286,nan,nan
c9100eeebb0e411282fb8e9e24e123f1,脏输入测试_卡顿频繁不推荐,2026-06-10 13:58:26,nan,nan,nan,nan,nan,nan,nan,nan,nan,nan,nan,nan,0.4286,0.5714,nan,nan
a6a5ec471b744ab498ed61548dbc7f3e,OOD测试_这款手机性价比很高,2026-06-10 13:58:29,nan,nan,nan,nan,nan,nan,nan,nan,nan,nan,1.0,7.0,nan,nan,nan,nan
ed87dc00472141ee8918352634557c1b,OOD测试_做工粗糙不好用,2026-06-10 13:58:31,nan,nan,nan,nan,nan,nan,nan,nan,nan,nan,1.0,7.0,nan,nan,nan,nan
479599053ecc4634898ad2dd195e1a99,OOD测试_画面清晰体验不错,2026-06-10 13:58:33,nan,nan,nan,nan,nan,nan,nan,nan,nan,nan,1.0,7.0,nan,nan,nan,nan
74c7d161bd5b4aa4a66128a8170b34ba,OOD测试_卡顿频繁不推荐,2026-06-10 13:58:34,nan,nan,nan,nan,nan,nan,nan,nan,nan,nan,1.0,7.0,nan,nan,nan,nan
8f2bd364dd8541809f6e2f21e75c2a83,离线vs模拟线上_指标衰减验收,2026-06-10 14:05:27,0.5,1.0,0.5,0.5,1.0,0.0,nan,nan,nan,nan,nan,nan,nan,nan,nan,nan
cdc234b50d754f7ab1d3ffd03ad05ccf,对抗注入_这款手机性价比很高,2026-06-10 14:05:32,nan,nan,nan,nan,nan,nan,1.0,0.0,nan,nan,nan,nan,nan,nan,nan,nan
6565294bda11448e8a02bc1e456e801d,对抗注入_做工粗糙不好用,2026-06-10 14:05:34,nan,nan,nan,nan,nan,nan,0.0,1.0,nan,nan,nan,nan,nan,nan,nan,nan
97b21e8861a4449ab8d93cda62bd17da,对抗注入_画面清晰体验不错,2026-06-10 14:05:35,nan,nan,nan,nan,nan,nan,1.0,0.0,nan,nan,nan,nan,nan,nan,nan,nan
b851b7af659b4f98bf059883d2897043,对抗注入_卡顿频繁不推荐,2026-06-10 14:05:37,nan,nan,nan,nan,nan,nan,0.0,1.0,nan,nan,nan,nan,nan,nan,nan,nan
eabe0bbcc54343628734fe2b19a49727,数据漂移测试_这款手机性价比很高,2026-06-10 14:05:38,nan,nan,nan,nan,nan,nan,nan,nan,0.5714,0.4286,nan,nan,nan,nan,nan,nan
739e4555e9ba44a3a3e5fcf9a8f00bd4,数据漂移测试_做工粗糙不好用,2026-06-10 14:05:40,nan,nan,nan,nan,nan,nan,nan,nan,0.4286,0.5714,nan,nan,nan,nan,nan,nan
564d8bbd6ec449e4872835cf76ff55ae,数据漂移测试_画面清晰体验不错,2026-06-10 14:05:41,nan,nan,nan,nan,nan,nan,nan,nan,0.5714,0.4286,nan,nan,nan,nan,nan,nan
5403f0e2fa374c76a2337efd796c7767,数据漂移测试_卡顿频繁不推荐,2026-06-10 14:05:42,nan,nan,nan,nan,nan,nan,nan,nan,0.4286,0.5714,nan,nan,nan,nan,nan,nan
9ca0346a30964d528ba3e8c0a46a1df3,公平性测试_这款手机性价比很高,2026-06-10 14:05:43,nan,nan,nan,nan,nan,nan,nan,nan,nan,nan,nan,nan,nan,nan,1.0,0.0
e89db2300c1b4b4db98a346fc2d26f6a,公平性测试_做工粗糙不好用,2026-06-10 14:05:45,nan,nan,nan,nan,nan,nan,nan,nan,nan,nan,nan,nan,nan,nan,0.0,1.0
7fdb75685d324a6f900fb4bd0038f93f,公平性测试_画面清晰体验不错,2026-06-10 14:05:46,nan,nan,nan,nan,nan,nan,nan,nan,nan,nan,nan,nan,nan,nan,1.0,0.0
550c5aeccbf345169e3782cbde008132,公平性测试_卡顿频繁不推荐,2026-06-10 14:05:47,nan,nan,nan,nan,nan,nan,nan,nan,nan,nan,nan,nan,nan,nan,0.0,1.0
a6106005af464f74aa097093cf9058ce,脏输入测试_这款手机性价比很高,2026-06-10 14:05:49,nan,nan,nan,nan,nan,nan,nan,nan,nan,nan,nan,nan,0.5714,0.4286,nan,nan
38303d3910be42499a5e36682a99a5bc,脏输入测试_做工粗糙不好用,2026-06-10 14:05:51,nan,nan,nan,nan,nan,nan,nan,nan,nan,nan,nan,nan,0.4286,0.5714,nan,nan
c27f0fd734d54fb1ad5ba4b285520291,脏输入测试_画面清晰体验不错,2026-06-10 14:05:52,nan,nan,nan,nan,nan,nan,nan,nan,nan,nan,nan,nan,0.5714,0.4286,nan,nan
aa27744bfac742e9bada17e055b4ff42,脏输入测试_卡顿频繁不推荐,2026-06-10 14:05:53,nan,nan,nan,nan,nan,nan,nan,nan,nan,nan,nan,nan,0.4286,0.5714,nan,nan
c8054b7a129540d5a39bfcb679b694f8,OOD测试_这款手机性价比很高,2026-06-10 14:05:55,nan,nan,nan,nan,nan,nan,nan,nan,nan,nan,1.0,7.0,nan,nan,nan,nan
c2b59d612349437e865963f2ac15c4a6,OOD测试_做工粗糙不好用,2026-06-10 14:05:56,nan,nan,nan,nan,nan,nan,nan,nan,nan,nan,1.0,7.0,nan,nan,nan,nan
f7d9c8ed56a74b828967e1f1527319a2,OOD测试_画面清晰体验不错,2026-06-10 14:05:57,nan,nan,nan,nan,nan,nan,nan,nan,nan,nan,1.0,7.0,nan,nan,nan,nan
6a0aab9358d945d3a6e1105d5b70026d,OOD测试_卡顿频繁不推荐,2026-06-10 14:05:58,nan,nan,nan,nan,nan,nan,nan,nan,nan,nan,1.0,7.0,nan,nan,nan,nan
8a6ef59c721a4b81a786d3649cc130a6,离线vs模拟线上_指标衰减验收,2026-06-10 14:08:48,0.5,1.0,0.5,0.5,1.0,0.0,nan,nan,nan,nan,nan,nan,nan,nan,nan,nan
467a2620f20b4cc39d29a19d439f976a,对抗注入_这款手机性价比很高,2026-06-10 14:08:53,nan,nan,nan,nan,nan,nan,1.0,0.0,nan,nan,nan,nan,nan,nan,nan,nan
ed5d5802cbad4b32a467d8c2cb0fe01d,对抗注入_做工粗糙不好用,2026-06-10 14:08:57,nan,nan,nan,nan,nan,nan,0.0,1.0,nan,nan,nan,nan,nan,nan,nan,nan
9fd9a5eda63c4dc6adb10963afe9b8a0,对抗注入_画面清晰体验不错,2026-06-10 14:08:59,nan,nan,nan,nan,nan,nan,1.0,0.0,nan,nan,nan,nan,nan,nan,nan,nan
22e33177f92749388aa6bba403d02f59,对抗注入_卡顿频繁不推荐,2026-06-10 14:09:02,nan,nan,nan,nan,nan,nan,0.0,1.0,nan,nan,nan,nan,nan,nan,nan,nan
1af91e95ad844aa599138a8ac2b1ac21,数据漂移测试_这款手机性价比很高,2026-06-10 14:09:04,nan,nan,nan,nan,nan,nan,nan,nan,0.5714,0.4286,nan,nan,nan,nan,nan,nan
e5de1dd364884c4d9f15d5d3896f02dd,数据漂移测试_做工粗糙不好用,2026-06-10 14:09:05,nan,nan,nan,nan,nan,nan,nan,nan,0.4286,0.5714,nan,nan,nan,nan,nan,nan
c9bcec09f5f94b0ab0e00d5768f966b0,数据漂移测试_画面清晰体验不错,2026-06-10 14:09:07,nan,nan,nan,nan,nan,nan,nan,nan,0.5714,0.4286,nan,nan,nan,nan,nan,nan
20d4108553f94d87810cd947a9541b92,数据漂移测试_卡顿频繁不推荐,2026-06-10 14:09:08,nan,nan,nan,nan,nan,nan,nan,nan,0.4286,0.5714,nan,nan,nan,nan,nan,nan
9a5d8869f2f74a8fa2df0a37a74eb71b,公平性测试_这款手机性价比很高,2026-06-10 14:09:11,nan,nan,nan,nan,nan,nan,nan,nan,nan,nan,nan,nan,nan,nan,1.0,0.0
630d6d61b2e04a858019eccda84c8217,公平性测试_做工粗糙不好用,2026-06-10 14:09:12,nan,nan,nan,nan,nan,nan,nan,nan,nan,nan,nan,nan,nan,nan,0.0,1.0
99c7b990902241d697f61a7aeb028381,公平性测试_画面清晰体验不错,2026-06-10 14:09:14,nan,nan,nan,nan,nan,nan,nan,nan,nan,nan,nan,nan,nan,nan,1.0,0.0
570a0ad8dcb3455fb112b1fc73a9758d,公平性测试_卡顿频繁不推荐,2026-06-10 14:09:15,nan,nan,nan,nan,nan,nan,nan,nan,nan,nan,nan,nan,nan,nan,0.0,1.0
6edef690801a4caa810456617163b867,脏输入测试_这款手机性价比很高,2026-06-10 14:09:17,nan,nan,nan,nan,nan,nan,nan,nan,nan,nan,nan,nan,0.5714,0.4286,nan,nan
e8cc40c20c6b4733aff4c11030f16ffa,脏输入测试_做工粗糙不好用,2026-06-10 14:09:18,nan,nan,nan,nan,nan,nan,nan,nan,nan,nan,nan,nan,0.4286,0.5714,nan,nan
728e91c3ee3d4625afbc07c0ff6ba0eb,脏输入测试_画面清晰体验不错,2026-06-10 14:09:20,nan,nan,nan,nan,nan,nan,nan,nan,nan,nan,nan,nan,0.5714,0.4286,nan,nan
8795477e7eaa4e88a1c1acad7027c419,离线vs模拟线上_指标衰减验收,2026-06-10 14:16:45,0.5,1.0,0.5,0.5,1.0,0.0,nan,nan,nan,nan,nan,nan,nan,nan,nan,nan
8521f8c803e14c3eb5221c19bb1a3ee1,对抗注入_这款手机性价比很高,2026-06-10 14:16:49,nan,nan,nan,nan,nan,nan,1.0,0.0,nan,nan,nan,nan,nan,nan,nan,nan
a4f80c0d54b24d7d9487176ba32f880f,对抗注入_做工粗糙不好用,2026-06-10 14:16:52,nan,nan,nan,nan,nan,nan,0.0,1.0,nan,nan,nan,nan,nan,nan,nan,nan
bdb38c5f7b9745b98c1dcaa48b08213f,对抗注入_画面清晰体验不错,2026-06-10 14:16:55,nan,nan,nan,nan,nan,nan,1.0,0.0,nan,nan,nan,nan,nan,nan,nan,nan
cd09272bca2940799cdd478c0bfa15e7,对抗注入_卡顿频繁不推荐,2026-06-10 14:16:56,nan,nan,nan,nan,nan,nan,0.0,1.0,nan,nan,nan,nan,nan,nan,nan,nan
ecaa11ffeed24cfba7bba93718d07fae,数据漂移测试_这款手机性价比很高,2026-06-10 14:16:59,nan,nan,nan,nan,nan,nan,nan,nan,0.5714,0.4286,nan,nan,nan,nan,nan,nan
ecc20ed797da485b857ba6c10a53bbfc,数据漂移测试_做工粗糙不好用,2026-06-10 14:17:00,nan,nan,nan,nan,nan,nan,nan,nan,0.4286,0.5714,nan,nan,nan,nan,nan,nan
91c4ea97a81c450bab9af188e1188a0a,数据漂移测试_画面清晰体验不错,2026-06-10 14:17:02,nan,nan,nan,nan,nan,nan,nan,nan,0.5714,0.4286,nan,nan,nan,nan,nan,nan
a1d7eacdf736483895bf2f1ae0ef67c2,数据漂移测试_卡顿频繁不推荐,2026-06-10 14:17:04,nan,nan,nan,nan,nan,nan,nan,nan,0.4286,0.5714,nan,nan,nan,nan,nan,nan
f29858c656a64325aea4da73c12c6834,公平性测试_这款手机性价比很高,2026-06-10 14:17:05,nan,nan,nan,nan,nan,nan,nan,nan,nan,nan,nan,nan,nan,nan,1.0,0.0
fe3ae8e068d445a9b62f292e956afc67,公平性测试_做工粗糙不好用,2026-06-10 14:17:07,nan,nan,nan,nan,nan,nan,nan,nan,nan,nan,nan,nan,nan,nan,0.0,1.0
98178d40119c43d0afb8eb0005829389,公平性测试_画面清晰体验不错,2026-06-10 14:17:08,nan,nan,nan,nan,nan,nan,nan,nan,nan,nan,nan,nan,nan,nan,1.0,0.0
039becd084004c20beed4995bf17c253,公平性测试_卡顿频繁不推荐,2026-06-10 14:17:10,nan,nan,nan,nan,nan,nan,nan,nan,nan,nan,nan,nan,nan,nan,0.0,1.0
0fa96fd3d39049e0b0ce743ef9107dbc,脏输入测试_这款手机性价比很高,2026-06-10 14:17:12,nan,nan,nan,nan,nan,nan,nan,nan,nan,nan,nan,nan,0.5714,0.4286,nan,nan
15e3f55313504e17b73e7cab98497473,脏输入测试_做工粗糙不好用,2026-06-10 14:17:13,nan,nan,nan,nan,nan,nan,nan,nan,nan,nan,nan,nan,0.4286,0.5714,nan,nan
b6901678d1d240f4abf8b5077a8ad946,脏输入测试_画面清晰体验不错,2026-06-10 14:17:15,nan,nan,nan,nan,nan,nan,nan,nan,nan,nan,nan,nan,0.5714,0.4286,nan,nan
739c313ed34a4abd88402238068ef824,脏输入测试_卡顿频繁不推荐,2026-06-10 14:17:16,nan,nan,nan,nan,nan,nan,nan,nan,nan,nan,nan,nan,0.4286,0.5714,nan,nan
39599810e84b4534a25f5bceb0e66a10,OOD测试_这款手机性价比很高,2026-06-10 14:17:18,nan,nan,nan,nan,nan,nan,nan,nan,nan,nan,1.0,7.0,nan,nan,nan,nan
57c37dd948a74f61ac27d74cb54de6e7,OOD测试_做工粗糙不好用,2026-06-10 14:17:19,nan,nan,nan,nan,nan,nan,nan,nan,nan,nan,1.0,7.0,nan,nan,nan,nan
083127970ea14e4ca19e2657e4744b3c,OOD测试_画面清晰体验不错,2026-06-10 14:17:21,nan,nan,nan,nan,nan,nan,nan,nan,nan,nan,1.0,7.0,nan,nan,nan,nan
844ae6cb66d44a9395ece91942385ba1,OOD测试_卡顿频繁不推荐,2026-06-10 14:17:22,nan,nan,nan,nan,nan,nan,nan,nan,nan,nan,1.0,7.0,nan,nan,nan,nan
725e0d8c6fa64ebaa44444c66e56d429,离线vs模拟线上_指标衰减验收,2026-06-10 14:22:17,0.5,1.0,0.5,0.5,1.0,0.0,nan,nan,nan,nan,nan,nan,nan,nan,nan,nan
4162a00f43f642a0805b114ba5573a29,对抗注入_这款手机性价比很高,2026-06-10 14:22:22,nan,nan,nan,nan,nan,nan,1.0,0.0,nan,nan,nan,nan,nan,nan,nan,nan
d9aba53bcdcd4d24a1bdb821f57c23f0,对抗注入_做工粗糙不好用,2026-06-10 14:22:26,nan,nan,nan,nan,nan,nan,0.0,1.0,nan,nan,nan,nan,nan,nan,nan,nan
bc341ac4bd91442b93e1b1c6f9d928e6,对抗注入_画面清晰体验不错,2026-06-10 14:22:30,nan,nan,nan,nan,nan,nan,1.0,0.0,nan,nan,nan,nan,nan,nan,nan,nan
7a655a473cdf4556a30c6402bfc3701e,对抗注入_卡顿频繁不推荐,2026-06-10 14:22:33,nan,nan,nan,nan,nan,nan,0.0,1.0,nan,nan,nan,nan,nan,nan,nan,nan
cf0b199453ee48bc90854e0bfb04f26f,数据漂移测试_这款手机性价比很高,2026-06-10 14:22:37,nan,nan,nan,nan,nan,nan,nan,nan,0.5714,0.4286,nan,nan,nan,nan,nan,nan
9f0fa802b06d4231905054b8f61d9fba,数据漂移测试_做工粗糙不好用,2026-06-10 14:22:39,nan,nan,nan,nan,nan,nan,nan,nan,0.4286,0.5714,nan,nan,nan,nan,nan,nan
417240b01a83429e86fdea89563e3d5f,数据漂移测试_画面清晰体验不错,2026-06-10 14:22:43,nan,nan,nan,nan,nan,nan,nan,nan,0.5714,0.4286,nan,nan,nan,nan,nan,nan
ea1f41d2c6e14db39f818ab0868edc6b,数据漂移测试_卡顿频繁不推荐,2026-06-10 14:22:47,nan,nan,nan,nan,nan,nan,nan,nan,0.4286,0.5714,nan,nan,nan,nan,nan,nan
e9aef6efdf574f06b66bec772cae2293,公平性测试_这款手机性价比很高,2026-06-10 14:22:49,nan,nan,nan,nan,nan,nan,nan,nan,nan,nan,nan,nan,nan,nan,1.0,0.0
4b5ce405df2d4ba696061369d3dbd508,公平性测试_做工粗糙不好用,2026-06-10 14:22:52,nan,nan,nan,nan,nan,nan,nan,nan,nan,nan,nan,nan,nan,nan,0.0,1.0
dfd451c6179249d88f0865945db243aa,公平性测试_画面清晰体验不错,2026-06-10 14:22:55,nan,nan,nan,nan,nan,nan,nan,nan,nan,nan,nan,nan,nan,nan,1.0,0.0
3ec086f7c5e541b18cd8608c59780753,公平性测试_卡顿频繁不推荐,2026-06-10 14:22:58,nan,nan,nan,nan,nan,nan,nan,nan,nan,nan,nan,nan,nan,nan,0.0,1.0
19e7d77dccac4cf58539a923e38a2b06,脏输入测试_这款手机性价比很高,2026-06-10 14:23:01,nan,nan,nan,nan,nan,nan,nan,nan,nan,nan,nan,nan,0.5714,0.4286,nan,nan
6f0c36c880024853825fe76770339110,脏输入测试_做工粗糙不好用,2026-06-10 14:23:03,nan,nan,nan,nan,nan,nan,nan,nan,nan,nan,nan,nan,0.4286,0.5714,nan,nan
45da06a7d6cf44dab0b346b3243a079c,脏输入测试_画面清晰体验不错,2026-06-10 14:23:06,nan,nan,nan,nan,nan,nan,nan,nan,nan,nan,nan,nan,0.5714,0.4286,nan,nan
650551642a4d4527903f08854f856472,脏输入测试_卡顿频繁不推荐,2026-06-10 14:23:08,nan,nan,nan,nan,nan,nan,nan,nan,nan,nan,nan,nan,0.4286,0.5714,nan,nan
cd4e435c7d95484fa96d0baff2a525c7,OOD测试_这款手机性价比很高,2026-06-10 14:23:11,nan,nan,nan,nan,nan,nan,nan,nan,nan,nan,1.0,7.0,nan,nan,nan,nan
cac6fae4d1804174b73b6cb10a983311,OOD测试_做工粗糙不好用,2026-06-10 14:23:13,nan,nan,nan,nan,nan,nan,nan,nan,nan,nan,1.0,7.0,nan,nan,nan,nan
90bfbb57162c402ba846689e3b15d2ff,OOD测试_画面清晰体验不错,2026-06-10 14:23:17,nan,nan,nan,nan,nan,nan,nan,nan,nan,nan,1.0,7.0,nan,nan,nan,nan
69ea8edd1f2f49c5bf3453d452edbd68,OOD测试_卡顿频繁不推荐,2026-06-10 14:23:20,nan,nan,nan,nan,nan,nan,nan,nan,nan,nan,1.0,7.0,nan,nan,nan,nan
745e564079734fc68870864816b83a3a,离线vs模拟线上_指标衰减验收,2026-06-10 14:41:08,0.5,1.0,0.5,0.5,1.0,0.0,nan,nan,nan,nan,nan,nan,nan,nan,nan,nan
501c17d10b724408b5811d2e13057745,对抗注入_这款手机性价比很高,2026-06-10 14:41:10,nan,nan,nan,nan,nan,nan,1.0,0.0,nan,nan,nan,nan,nan,nan,nan,nan
9474628f7fdd4b0bb4a4abf7dccd0e8b,对抗注入_做工粗糙不好用,2026-06-10 14:41:12,nan,nan,nan,nan,nan,nan,0.0,1.0,nan,nan,nan,nan,nan,nan,nan,nan
a5141a701f85420583320cc2b2344bfb,对抗注入_画面清晰体验不错,2026-06-10 14:41:13,nan,nan,nan,nan,nan,nan,1.0,0.0,nan,nan,nan,nan,nan,nan,nan,nan
6ccef0c613074915a1f5403c6105756a,对抗注入_卡顿频繁不推荐,2026-06-10 14:41:15,nan,nan,nan,nan,nan,nan,0.0,1.0,nan,nan,nan,nan,nan,nan,nan,nan
0516892544ff4eecbc95b73898e29a58,数据漂移测试_这款手机性价比很高,2026-06-10 14:41:17,nan,nan,nan,nan,nan,nan,nan,nan,0.5714,0.4286,nan,nan,nan,nan,nan,nan
f0d880516cd04b99aa647dfe2f918179,数据漂移测试_做工粗糙不好用,2026-06-10 14:41:19,nan,nan,nan,nan,nan,nan,nan,nan,0.4286,0.5714,nan,nan,nan,nan,nan,nan
febfa387138e4650a961c122f6b8426f,数据漂移测试_画面清晰体验不错,2026-06-10 14:41:20,nan,nan,nan,nan,nan,nan,nan,nan,0.5714,0.4286,nan,nan,nan,nan,nan,nan
dd6fcb87b63a4fb5ae7f9284be20b621,数据漂移测试_卡顿频繁不推荐,2026-06-10 14:41:22,nan,nan,nan,nan,nan,nan,nan,nan,0.4286,0.5714,nan,nan,nan,nan,nan,nan
958424ad5f43437cbdb75242e488eddb,公平性测试_这款手机性价比很高,2026-06-10 14:41:23,nan,nan,nan,nan,nan,nan,nan,nan,nan,nan,nan,nan,nan,nan,1.0,0.0
beb259224bcf45e786bec0b1e5b8095d,公平性测试_做工粗糙不好用,2026-06-10 14:41:24,nan,nan,nan,nan,nan,nan,nan,nan,nan,nan,nan,nan,nan,nan,0.0,1.0
a3e535a4bcab4fee9696de602f65b97f,公平性测试_画面清晰体验不错,2026-06-10 14:41:26,nan,nan,nan,nan,nan,nan,nan,nan,nan,nan,nan,nan,nan,nan,1.0,0.0
0367b75146624fddb233d88cf4c80666,公平性测试_卡顿频繁不推荐,2026-06-10 14:41:27,nan,nan,nan,nan,nan,nan,nan,nan,nan,nan,nan,nan,nan,nan,0.0,1.0
daef20b93abc43caa2040f9270fa4b68,脏输入测试_这款手机性价比很高,2026-06-10 14:41:29,nan,nan,nan,nan,nan,nan,nan,nan,nan,nan,nan,nan,0.5714,0.4286,nan,nan
180f5559960f4394b5e3eb053ae7763c,脏输入测试_做工粗糙不好用,2026-06-10 14:41:30,nan,nan,nan,nan,nan,nan,nan,nan,nan,nan,nan,nan,0.4286,0.5714,nan,nan
09f6324275a24d29a2130c1358fb06e8,脏输入测试_画面清晰体验不错,2026-06-10 14:41:32,nan,nan,nan,nan,nan,nan,nan,nan,nan,nan,nan,nan,0.5714,0.4286,nan,nan
971b327f0e9b4c7fa983a11548f32d3b,脏输入测试_卡顿频繁不推荐,2026-06-10 14:41:33,nan,nan,nan,nan,nan,nan,nan,nan,nan,nan,nan,nan,0.4286,0.5714,nan,nan
fe5afd78087a4707b364a41e5d1061d3,OOD测试_这款手机性价比很高,2026-06-10 14:41:35,nan,nan,nan,nan,nan,nan,nan,nan,nan,nan,1.0,7.0,nan,nan,nan,nan
dc344a970337486a95791559110a1041,OOD测试_做工粗糙不好用,2026-06-10 14:41:36,nan,nan,nan,nan,nan,nan,nan,nan,nan,nan,1.0,7.0,nan,nan,nan,nan
9ab0dd271bca4719a68eb324f86c8194,OOD测试_画面清晰体验不错,2026-06-10 14:41:38,nan,nan,nan,nan,nan,nan,nan,nan,nan,nan,1.0,7.0,nan,nan,nan,nan
d59c3919ba6b4608872182a812eb8735,OOD测试_卡顿频繁不推荐,2026-06-10 14:41:40,nan,nan,nan,nan,nan,nan,nan,nan,nan,nan,1.0,7.0,nan,nan,nan,nan
4398c214d16240379fa6793d5a9c3106,离线vs模拟线上_指标衰减验收,2026-06-10 15:37:16,0.5,1.0,0.5,0.5,1.0,0.0,nan,nan,nan,nan,nan,nan,nan,nan,nan,nan
d34bd88e603945678a62946b2bac1f26,对抗注入_这款手机性价比很高,2026-06-10 15:37:20,nan,nan,nan,nan,nan,nan,1.0,0.0,nan,nan,nan,nan,nan,nan,nan,nan
cf4b25a20dd94a6bbffdb02c82ca6895,对抗注入_做工粗糙不好用,2026-06-10 15:37:22,nan,nan,nan,nan,nan,nan,0.0,1.0,nan,nan,nan,nan,nan,nan,nan,nan
3dc53c4595674772831f4966e1145651,对抗注入_画面清晰体验不错,2026-06-10 15:37:24,nan,nan,nan,nan,nan,nan,1.0,0.0,nan,nan,nan,nan,nan,nan,nan,nan
e4fd3f2532184018bf9ca73a622f257c,对抗注入_卡顿频繁不推荐,2026-06-10 15:37:26,nan,nan,nan,nan,nan,nan,0.0,1.0,nan,nan,nan,nan,nan,nan,nan,nan
01f85a3c14f54a94990ab527c4aadf5e,数据漂移测试_这款手机性价比很高,2026-06-10 15:37:28,nan,nan,nan,nan,nan,nan,nan,nan,0.5714,0.4286,nan,nan,nan,nan,nan,nan
1bcc75ed465b46b783f2b1a1a2ac2688,数据漂移测试_做工粗糙不好用,2026-06-10 15:37:30,nan,nan,nan,nan,nan,nan,nan,nan,0.4286,0.5714,nan,nan,nan,nan,nan,nan
c3ad564b1db94344a10cc498496ba6a5,数据漂移测试_画面清晰体验不错,2026-06-10 15:37:31,nan,nan,nan,nan,nan,nan,nan,nan,0.5714,0.4286,nan,nan,nan,nan,nan,nan
96cca1a009ae4b49acb015a775090811,数据漂移测试_卡顿频繁不推荐,2026-06-10 15:37:33,nan,nan,nan,nan,nan,nan,nan,nan,0.4286,0.5714,nan,nan,nan,nan,nan,nan
8ab73cd9137b4e9bb80ab2df94faf744,公平性测试_这款手机性价比很高,2026-06-10 15:37:34,nan,nan,nan,nan,nan,nan,nan,nan,nan,nan,nan,nan,nan,nan,1.0,0.0
81d7cf602a55400b910771cddbcfa557,公平性测试_做工粗糙不好用,2026-06-10 15:37:36,nan,nan,nan,nan,nan,nan,nan,nan,nan,nan,nan,nan,nan,nan,0.0,1.0
df7a6f385de14bf8b09698fbb28ded4e,公平性测试_画面清晰体验不错,2026-06-10 15:37:37,nan,nan,nan,nan,nan,nan,nan,nan,nan,nan,nan,nan,nan,nan,1.0,0.0
1a7918d97ded4d3284827bf5aaa4ccb9,公平性测试_卡顿频繁不推荐,2026-06-10 15:37:39,nan,nan,nan,nan,nan,nan,nan,nan,nan,nan,nan,nan,nan,nan,0.0,1.0
c5eef7539a1e49ba8c017ac7abd725d9,脏输入测试_这款手机性价比很高,2026-06-10 15:37:40,nan,nan,nan,nan,nan,nan,nan,nan,nan,nan,nan,nan,0.5714,0.4286,nan,nan
8acf0824c1794259bb8021580f091b0a,脏输入测试_做工粗糙不好用,2026-06-10 15:37:42,nan,nan,nan,nan,nan,nan,nan,nan,nan,nan,nan,nan,0.4286,0.5714,nan,nan
04d3a54685644ed4b0112365f201f1ab,脏输入测试_画面清晰体验不错,2026-06-10 15:37:43,nan,nan,nan,nan,nan,nan,nan,nan,nan,nan,nan,nan,0.5714,0.4286,nan,nan
a275a5a2715d4b0786ac534495a20342,脏输入测试_卡顿频繁不推荐,2026-06-10 15:37:45,nan,nan,nan,nan,nan,nan,nan,nan,nan,nan,nan,nan,0.4286,0.5714,nan,nan
c18c75e5699c4a02ba798b8e8710d311,OOD测试_这款手机性价比很高,2026-06-10 15:37:46,nan,nan,nan,nan,nan,nan,nan,nan,nan,nan,1.0,7.0,nan,nan,nan,nan
bdeaa100349644228b6d7e6df6c1988c,OOD测试_做工粗糙不好用,2026-06-10 15:37:48,nan,nan,nan,nan,nan,nan,nan,nan,nan,nan,1.0,7.0,nan,nan,nan,nan
c848f1713725477a984678d8a553767d,OOD测试_画面清晰体验不错,2026-06-10 15:37:49,nan,nan,nan,nan,nan,nan,nan,nan,nan,nan,1.0,7.0,nan,nan,nan,nan
9cce9e4ca2dd479381ddf531fb05848a,OOD测试_卡顿频繁不推荐,2026-06-10 15:37:51,nan,nan,nan,nan,nan,nan,nan,nan,nan,nan,1.0,7.0,nan,nan,nan,nan
